,sender,receiver,amount,sent_date
0,patterson1615,reynolds,24.23,2018-01-05
1,michaela,abarnes,73.52,2018-01-08
2,darlene,cynthia.cartercynthia7338,37.04,2018-01-09
3,patrick,matthew.rosematthew1936,31.58,2018-01-12
4,csmith,earl,85.21,2018-01-13
5,berg9118,rjames,2.36,2018-01-19
6,christopher,rjames,93.16,2018-01-22
7,jsmith,nancy,90.28,2018-01-22
8,marshall5749,mosley,66.15,2018-01-28
9,mosley,marshall5749,94.4,2018-01-28
10,ryan.santosryan1216,brian,83.72,2018-01-29
11,ashlee.davisashlee8500,aaron.wrightaaron6549,95.68,2018-01-30
12,ward,theresa.butlertheresa1201,12.12,2018-01-30
13,amber,patterson1615,14.61,2018-01-30
14,dhicks,johnson,11.82,2018-02-02
15,dhicks,vjohnson,38.35,2018-02-02
16,wells4649,pstewart,88.14,2018-02-02
17,george5651,rstokes,15.63,2018-02-03
18,savage,patrick,69.03,2018-02-04
19,mays,sbrown,52.14,2018-02-05
20,mays,philip.lovephilip333,77.65,2018-02-07
21,philip.lovephilip333,gregory,84.97,2018-02-07
22,carr498,bailey,59.61,2018-02-08
23,simon,george5651,67.4,2018-02-10
24,jhall,john.beckerjohn8558,8.86,2018-02-11
25,jhall,diana,36.59,2018-02-11
26,theresa.butlertheresa1201,william.garzawilliam9949,4.07,2018-02-12
27,martin,melissa.coopermelissa7095,66.54,2018-02-15
28,melissa.coopermelissa7095,brian,26.75,2018-02-15
29,brian,jordan.robertsonjordan4824,95.31,2018-02-15
30,caleb.ramirezcaleb7635,rjames,48.74,2018-02-19
31,caleb.ramirezcaleb7635,janice,61.99,2018-02-19
32,carr498,rodriguez5750,47.97,2018-02-20
33,amy.johnsonamy2479,adam,48.56,2018-02-20
34,edward.lopezedward4880,earl,81.15,2018-02-22
35,amy.johnsonamy2479,jphillips,65.74,2018-02-22
36,mullins9448,jphillips,79.47,2018-02-22
37,blackburn,david.baileydavid1093,80.96,2018-02-23
38,slee,timothy.garciatimothy3612,7.07,2018-02-24
39,chan4188,julie.garciajulie6491,8.25,2018-02-27
40,jyoung,chan4188,63.09,2018-02-27
41,susan,jhall,13.56,2018-02-27
42,chan4188,slee,91.14,2018-02-27
43,delgado8791,lozano,74.99,2018-02-28
44,dunlap,young6385,58.1,2018-02-28
45,rice,dmitchell,37.25,2018-02-28
46,jyoung,dmitchell,30.44,2018-02-28
47,edward.lopezedward4880,cuevas,78.74,2018-03-01
48,vanessa.hodgevanessa4504,reginald,96.12,2018-03-02
49,reyes1564,ashlee.davisashlee8500,32.28,2018-03-03
50,evans,sjuarez,52.78,2018-03-03
51,robert,reginald,84.84,2018-03-04
52,robert,martin,6.9,2018-03-04
53,jimenez,cathy,66.1,2018-03-06
54,reginald,jimenez,52.77,2018-03-06
55,matthew.rosematthew1936,erin,45.25,2018-03-06
56,wendy.burtonwendy4557,ashlee.davisashlee8500,47.79,2018-03-07
57,miller7796,michaela,90.32,2018-03-07
58,green,norton,19.45,2018-03-07
59,norton,william.garzawilliam9949,35.74,2018-03-07
60,wendy.burtonwendy4557,brian,8.34,2018-03-07
61,rwise,david.baileydavid1093,24.27,2018-03-08
62,rwise,earl,37.81,2018-03-08
63,wells4649,rwise,70.57,2018-03-08
64,ahenry,vanessa.hodgevanessa4504,79.71,2018-03-09
65,tina,simon,89.52,2018-03-09
66,amber,ahenry,92.77,2018-03-09
67,tina,sjuarez,21.1,2018-03-09
68,miller6168,tina,74.46,2018-03-09
69,afrancis,wu7369,75.11,2018-03-10
70,brian,afrancis,42.99,2018-03-10
71,aharrison,gallagher,20.99,2018-03-11
72,nicholas.marshallnicholas5925,gallagher,63.68,2018-03-11
73,henry,ashlee.davisashlee8500,47.38,2018-03-11
74,aharrison,gallagher,31.1,2018-03-11
75,philip.lovephilip333,jennifer.danieljennifer8576,4.49,2018-03-13
76,barr,dmitchell,50.59,2018-03-14
77,bjackson,gallagher,21.6,2018-03-14
78,barr,jordan4287,55.78,2018-03-14
79,young6385,agarcia,35.56,2018-03-15
80,agarcia,jhall,43.62,2018-03-15
81,kim88,wendy.burtonwendy4557,60.94,2018-03-18
82,david.baileydavid1093,kelly.owenskelly6763,15.83,2018-03-18
83,kimberly.edwardskimberly1307,kyle,36.74,2018-03-18
84,patterson1615,kelly.owenskelly6763,95.18,2018-03-18
85,henry,kyle,12.96,2018-03-18
86,adam,kyle,30.61,2018-03-18
87,ronald,hughes9955,58.82,2018-03-20
88,abarnes,ronald,21.61,2018-03-20
89,ljohnson,afrancis,41.39,2018-03-22
90,mullins9448,ljohnson,29.67,2018-03-22
91,chan4188,jmoore,41.94,2018-03-23
92,pwhite,lozano,85.14,2018-03-23
93,jmoore,edward.lopezedward4880,72.49,2018-03-23
94,jmoore,timothy.garciatimothy3612,6.35,2018-03-23
95,john.beckerjohn8558,pwhite,92.98,2018-03-23
96,goodman,gallagher,27.13,2018-03-25
97,rstokes,goodman,34.66,2018-03-25
98,goodman,joseph.nelsonjoseph9825,91.02,2018-03-25
99,robbins,mullins,70.11,2018-03-26
100,abarnes,mullins,58.28,2018-03-26
101,kimberly.edwardskimberly1307,mullins,7.31,2018-03-26
102,jennifer.perkinsjennifer8273,wu7369,90.31,2018-03-27
103,achristensen,carter7716,78.26,2018-03-27
104,bjackson,jennifer.perkinsjennifer8273,70.95,2018-03-27
105,fuentes,achristensen,12.52,2018-03-27
106,achristensen,darlene,63.41,2018-03-27
107,marshall5749,jcrawford,15.91,2018-03-28
108,ryan.santosryan1216,jcrawford,55.28,2018-03-28
109,jcrawford,carr498,15.18,2018-03-28
110,jcrawford,robbins,47.61,2018-03-28
111,jcrawford,robbins,91.96,2018-03-28
112,jyoung,chavez6323,31.16,2018-03-28
113,kim,carter387,87.57,2018-03-29
114,ryan.santosryan1216,dmartinez,89.5,2018-03-29
115,dmartinez,cuevas,83.33,2018-03-29
116,christopher.davischristopher9205,wu7369,79.24,2018-03-29
117,agarcia,gonzalez,24.08,2018-03-31
118,abarnes,gonzalez,49.69,2018-03-31
119,aharrison,gonzalez,90.95,2018-03-31
120,megan,kim88,13.64,2018-04-01
121,ellison,megan,82.45,2018-04-01
122,megan,young6385,33.55,2018-04-01
123,rstokes,megan,81.23,2018-04-01
124,thomas2620,chan4188,6.64,2018-04-02
125,ellison,thomas2620,52.61,2018-04-02
126,dmartinez,thomas2620,51.81,2018-04-02
127,jmoore,erichard,40.56,2018-04-05
128,swanson,anthony,95.09,2018-04-06
129,carter387,swanson,71.52,2018-04-06
130,willis,abanks,82.36,2018-04-07
131,johnson,abanks,1.87,2018-04-07
132,swanson,tsimpson,60.39,2018-04-08
133,cuevas,tsimpson,54.42,2018-04-08
134,mullins,michael,29.82,2018-04-09
135,savage,brittney,4.82,2018-04-09
136,michael,christopher,1.3,2018-04-09
137,scott,christopher,24.12,2018-04-10
138,anthony,ramsey5675,23.08,2018-04-10
139,ramsey5675,marshall5749,39.75,2018-04-10
140,monica.mendozamonica1654,dmartinez,46.88,2018-04-10
141,cynthia.cartercynthia7338,monica.mendozamonica1654,13.39,2018-04-10
142,edward.lopezedward4880,candice,7.55,2018-04-11
143,mgomez,janice,86.43,2018-04-13
144,fletcher,diana,40.63,2018-04-13
145,david.baileydavid1093,mgomez,71.54,2018-04-13
146,fletcher,leah,79.51,2018-04-13
147,jdunn,fletcher,15.58,2018-04-13
148,henry,sullivan4196,62.37,2018-04-14
149,tran,sullivan4196,86.78,2018-04-14
150,ward,tiffany,44.74,2018-04-15
151,willis,tiffany,37.22,2018-04-15
152,tiffany,kelly.owenskelly6763,65.96,2018-04-15
153,bspencer,christine,5.57,2018-04-16
154,christine,susan,25.84,2018-04-16
155,christine,keith,59.51,2018-04-16
156,dmccall,amy.johnsonamy2479,19.7,2018-04-17
157,vjohnson,dmccall,90.84,2018-04-17
158,lstephens,blackburn,92.07,2018-04-19
159,abanks,samantha,97.82,2018-04-19
160,lstephens,nicholas.nguyennicholas3814,36.22,2018-04-19
161,debra,brooke.davisbrooke4391,28.28,2018-04-19
162,diana,nicholas.nguyennicholas3814,10.26,2018-04-19
163,lstephens,william.garzawilliam9949,60.62,2018-04-19
164,samantha,gregory.avilagregory4904,21.75,2018-04-19
165,caleb.ramirezcaleb7635,brooke.davisbrooke4391,85.42,2018-04-19
166,megan,samantha,23.86,2018-04-19
167,amy.johnsonamy2479,brooke.davisbrooke4391,5.85,2018-04-19
168,michael,angela.castroangela8662,81.25,2018-04-20
169,bjackson,emily.nelsonemily8730,38.42,2018-04-20
170,emily.nelsonemily8730,erin,95.71,2018-04-20
171,sharon,bjackson,65.29,2018-04-20
172,emily.nelsonemily8730,willis,22.05,2018-04-20
173,amber,emily.nelsonemily8730,45.1,2018-04-20
174,jphillips,angela.castroangela8662,33.35,2018-04-20
175,diana,angela.castroangela8662,25.39,2018-04-20
176,joseph.nelsonjoseph9825,dbenson,7.91,2018-04-21
177,pstewart,dbenson,80.14,2018-04-21
178,dbenson,david.baileydavid1093,2.86,2018-04-21
179,matthews2150,david.baileydavid1093,61.66,2018-04-21
180,agarcia,rollins2073,21.77,2018-04-21
181,rharris,washington28,76.43,2018-04-22
182,best3346,melissa.coopermelissa7095,5.22,2018-04-22
183,miller7796,sherri,14.92,2018-04-23
184,edward.lopezedward4880,mkelley,80.71,2018-04-23
185,beard7367,mkelley,39.21,2018-04-23
186,mkelley,gallagher,13.7,2018-04-23
187,andre,christopher,24.23,2018-04-23
188,lambert,sbrown,50.46,2018-04-24
189,hammond2790,chan4188,50.62,2018-04-24
190,christopher,lambert,30.49,2018-04-24
191,hammond2790,martinez,80.0,2018-04-24
192,russell4385,denise,24.04,2018-04-25
193,cuevas,mbarber,72.45,2018-04-28
194,mbarber,blackwell657,46.05,2018-04-28
195,jhall,garrett.wigginsgarrett1715,25.48,2018-04-28
196,mbarber,agarcia,90.95,2018-04-28
197,michaela,mbarber,61.44,2018-04-28
198,mays,garrett.wigginsgarrett1715,58.16,2018-04-28
199,rowe5501,saunders1581,4.11,2018-04-29
200,rowe5501,reginald,63.1,2018-04-29
201,rowe5501,brooke.davisbrooke4391,79.48,2018-04-29
202,paul,wells4649,62.86,2018-04-30
203,ryan.santosryan1216,paul,59.04,2018-04-30
204,paul,wendy.burtonwendy4557,93.28,2018-04-30
205,kimberly.edwardskimberly1307,gary,92.63,2018-05-02
206,aaron.wrightaaron6549,gary,30.33,2018-05-02
207,gary,lozano,31.38,2018-05-02
208,hale7902,gary,11.27,2018-05-02
209,ward,rowland,36.57,2018-05-02
210,rowland,best3346,72.58,2018-05-02
211,lwright,cathy,60.17,2018-05-03
212,samantha,lwright,1.62,2018-05-03
213,lvillanueva,nancy,35.98,2018-05-05
214,tallison,ahenry,97.3,2018-05-05
215,ryan.santosryan1216,shannon.lewisshannon5595,15.53,2018-05-05
216,rollins2073,tallison,21.9,2018-05-05
217,hanna3706,nicholas.marshallnicholas5925,81.48,2018-05-06
218,fletcher,thomas.garrisonthomas3851,71.72,2018-05-06
219,amber,thomas.garrisonthomas3851,91.37,2018-05-06
220,bspencer,thomas.garrisonthomas3851,14.57,2018-05-06
221,nathan.myersnathan6380,thomas.garrisonthomas3851,71.32,2018-05-06
222,hale7902,hanna3706,6.61,2018-05-06
223,smith8832,ehood,51.26,2018-05-07
224,gallagher,julia.belljulia6976,7.79,2018-05-07
225,julia.belljulia6976,franklin,47.18,2018-05-07
226,hanna3706,egibson,59.12,2018-05-07
227,kelly.owenskelly6763,ehood,14.27,2018-05-07
228,watson5009,julia.belljulia6976,79.17,2018-05-07
229,martin,lisa,87.45,2018-05-08
230,todd,angela.castroangela8662,14.31,2018-05-08
231,henry,todd,37.16,2018-05-08
232,lisa,saunders1581,14.06,2018-05-08
233,angela.castroangela8662,lisa,24.63,2018-05-08
234,rollins2073,lisa,5.15,2018-05-08
235,gregory,mark.evansmark8291,66.37,2018-05-08
236,garrett.wigginsgarrett1715,lisa,38.11,2018-05-08
237,nancy,james.whitejames5357,40.52,2018-05-09
238,graves6339,jennifer.danieljennifer8576,52.95,2018-05-11
239,graves6339,jmoore,31.9,2018-05-11
240,graves6339,samantha,56.08,2018-05-11
241,henry,graves6339,31.89,2018-05-11
242,graves6339,earl,96.85,2018-05-11
243,sanchez1179,jennifer.danieljennifer8576,12.0,2018-05-11
244,sanchez1179,kelly.owenskelly6763,54.95,2018-05-11
245,carr498,sanchez1179,1.14,2018-05-11
246,graves6339,james.whitejames5357,96.41,2018-05-11
247,graves6339,cathy,20.33,2018-05-11
248,wu7369,kshort,48.17,2018-05-12
249,darlene,kathy,13.68,2018-05-12
250,kshort,cathy,67.69,2018-05-12
251,kyle,kathy,40.81,2018-05-12
252,blackwell657,kathy,94.62,2018-05-12
253,jessica.shahjessica3124,caleb.ramirezcaleb7635,96.74,2018-05-13
254,mullins9448,jessica.shahjessica3124,97.33,2018-05-13
255,ward,sbishop,59.81,2018-05-13
256,sbishop,adam,76.87,2018-05-13
257,mbarber,sbishop,43.26,2018-05-13
258,tina,sbishop,40.54,2018-05-13
259,jessica.shahjessica3124,aharrison,15.07,2018-05-13
260,eric,sbishop,13.8,2018-05-13
261,brooke.davisbrooke4391,slambert,62.85,2018-05-14
262,slambert,robert,7.24,2018-05-14
263,kzhang,kaitlin,65.15,2018-05-14
264,christopher.davischristopher9815,julie.garciajulie6491,34.73,2018-05-14
265,mullins9448,slambert,18.36,2018-05-14
266,miller6168,kzhang,50.75,2018-05-14
267,tiffany.lopeztiffany6161,evans,69.72,2018-05-15
268,tiffany.lopeztiffany6161,mary,42.85,2018-05-15
269,steven.cantrellsteven6676,lwright,15.07,2018-05-16
270,steven.cantrellsteven6676,hughes9955,5.91,2018-05-16
271,goodman,steven.cantrellsteven6676,30.54,2018-05-16
272,wall,michaela,98.52,2018-05-17
273,amy.johnsonamy2479,jgates,23.75,2018-05-17
274,wall,jgates,46.92,2018-05-17
275,wall,jennifer.perkinsjennifer8273,81.16,2018-05-17
276,karen.porterkaren1259,sullivan4196,60.04,2018-05-17
277,wu7369,acole,89.26,2018-05-17
278,acole,vanessa.hodgevanessa4504,2.45,2018-05-17
279,karen.porterkaren1259,jimenez,23.31,2018-05-17
280,sbrown,lori,37.26,2018-05-17
281,acole,tiffany,52.89,2018-05-17
282,douglas,john.bryantjohn8330,75.77,2018-05-20
283,douglas,earl,87.82,2018-05-20
284,adam.fergusonadam5149,julia.belljulia6976,14.02,2018-05-20
285,adam.fergusonadam5149,kyle,62.89,2018-05-20
286,john.ariasjohn6791,brandon.sandersbrandon9464,43.86,2018-05-21
287,thomas.garrisonthomas3851,john.ariasjohn6791,55.14,2018-05-21
288,john.ariasjohn6791,whitehead5149,31.31,2018-05-21
289,john.ariasjohn6791,cathy,34.74,2018-05-21
290,tsimpson,barrett2267,18.69,2018-05-22
291,cooper,fletcher,49.06,2018-05-22
292,kimberly.edwardskimberly1307,alexandria,37.84,2018-05-22
293,justin.russelljustin419,owens1224,2.76,2018-05-22
294,justin.russelljustin419,keith,60.2,2018-05-22
295,brittney,justin.russelljustin419,98.46,2018-05-22
296,justin.russelljustin419,james.whitejames5357,44.56,2018-05-22
297,alexandria,jphillips,82.5,2018-05-22
298,alexandria,wall,99.14,2018-05-22
299,abarnes,manning,29.28,2018-05-23
300,manning,aharrison,26.97,2018-05-23
301,marquez,janice,40.36,2018-05-23
302,manning,abanks,83.16,2018-05-23
303,lori,marquez,2.4,2018-05-23
304,kaiser6733,gordon,31.03,2018-05-25
305,gordon,owens1224,99.04,2018-05-25
306,zachary.carsonzachary1147,gordon,94.57,2018-05-25
307,kcombs,theresa.butlertheresa1201,99.57,2018-05-26
308,aharrison,romero6686,27.98,2018-05-26
309,romero6686,achristensen,69.43,2018-05-26
310,monica.mendozamonica1654,romero6686,46.8,2018-05-26
311,romero6686,christopher.davischristopher9815,50.25,2018-05-26
312,kcombs,sbishop,84.08,2018-05-26
313,pstewart,bowers,97.59,2018-05-27
314,bowers,jimenez,77.82,2018-05-27
315,bowers,gsteele,13.76,2018-05-27
316,lee,bowers,72.54,2018-05-27
317,krista,rebecca,29.36,2018-05-28
318,rollins2073,rebecca,99.53,2018-05-28
319,rebecca,sherri,53.52,2018-05-28
320,rebecca,todd,92.0,2018-05-28
321,rebecca,daniel,66.45,2018-05-28
322,rebecca,graves6339,63.7,2018-05-28
323,washington28,rebecca,70.13,2018-05-28
324,rebecca,gallagher,18.07,2018-05-28
325,rebecca,kcombs,88.01,2018-05-28
326,bjackson,rebecca,28.5,2018-05-28
327,douglas,rebecca,3.4,2018-05-28
328,sara,gary,51.82,2018-05-29
329,brooke.davisbrooke4391,sara,11.1,2018-05-29
330,amber.carteramber2778,kaiser6733,34.95,2018-05-31
331,perez1929,nancy,17.16,2018-05-31
332,athompson,washington28,5.02,2018-05-31
333,amber.carteramber2778,garrett.wigginsgarrett1715,28.74,2018-05-31
334,jennifer.perkinsjennifer8273,woodard7048,29.88,2018-05-31
335,andre,perez1929,91.95,2018-05-31
336,cooper,tjohnson,40.53,2018-05-31
337,amber.carteramber2778,adam.fergusonadam5149,19.76,2018-05-31
338,mmiller,athompson,53.12,2018-05-31
339,reynolds,woodard7048,9.19,2018-05-31
340,tjohnson,goodman,92.14,2018-05-31
341,athompson,karen.porterkaren1259,86.85,2018-05-31
342,woodard7048,chavez6323,6.6,2018-05-31
343,rwise,perez1929,67.33,2018-05-31
344,caleb.ramirezcaleb7635,lpark,9.1,2018-06-01
345,grimes,stephanie,43.56,2018-06-02
346,stephanie,jphillips,58.88,2018-06-02
347,joshua,jimenez,22.39,2018-06-04
348,dmartinez,joshua,23.79,2018-06-04
349,smith8832,harold,75.3,2018-06-04
350,joshua,torres,83.34,2018-06-04
351,drodriguez,edward.lopezedward4880,42.32,2018-06-05
352,joseph.nelsonjoseph9825,jarmstrong,28.34,2018-06-05
353,goodman,jarmstrong,46.9,2018-06-05
354,james.hicksjames5359,jgates,61.33,2018-06-06
355,james.hicksjames5359,manning,36.32,2018-06-06
356,james.hicksjames5359,brittney,54.88,2018-06-06
357,christine,carrillo1756,97.19,2018-06-08
358,timothy,robinson2938,14.98,2018-06-09
359,robinson2938,dmartinez,49.85,2018-06-09
360,robinson2938,curry2129,68.13,2018-06-09
361,rowe5501,jackson,91.91,2018-06-10
362,jackson,mann,9.35,2018-06-10
363,patel2897,garrett.wigginsgarrett1715,2.89,2018-06-12
364,martinez,fox8089,3.28,2018-06-12
365,romero6686,patel2897,72.59,2018-06-12
366,janice,fox8089,29.71,2018-06-12
367,justin.russelljustin419,fox8089,19.15,2018-06-12
368,erin,fox8089,28.08,2018-06-12
369,patel2897,garrett.wigginsgarrett1715,63.66,2018-06-12
370,fox8089,jdunn,88.45,2018-06-12
371,patel2897,bjackson,8.37,2018-06-12
372,patel2897,joseph.nelsonjoseph9825,45.75,2018-06-12
373,kari,lee,64.29,2018-06-12
374,whitehead5149,troy.kingtroy8809,22.86,2018-06-13
375,amber.brownamber8932,christopher.davischristopher9815,85.23,2018-06-13
376,hmiller,rebecca,55.06,2018-06-14
377,miller7796,paul.phillipspaul7651,46.18,2018-06-14
378,dhicks,aparker,24.61,2018-06-14
379,mary,ellis8101,8.41,2018-06-14
380,ellis8101,jphillips,41.4,2018-06-14
381,paul.phillipspaul7651,george5651,90.18,2018-06-14
382,mperez,marshall5749,92.1,2018-06-16
383,gutierrez,mperez,21.44,2018-06-16
384,tcarter,carr498,83.95,2018-06-16
385,mperez,harold,90.87,2018-06-16
386,egibson,mperez,40.76,2018-06-16
387,martinez,mperez,41.28,2018-06-16
388,tcarter,gutierrez,0.44,2018-06-16
389,lucas6522,joshua,91.55,2018-06-17
390,rharris,jones5424,6.73,2018-06-17
391,lucas6522,daniels,28.84,2018-06-17
392,lori,jones5424,1.32,2018-06-17
393,huber,nicholas.nguyennicholas3814,46.2,2018-06-17
394,lucas6522,jyoung,91.91,2018-06-17
395,jordan.robertsonjordan4824,huber,96.41,2018-06-17
396,jones5424,ljohnson,15.6,2018-06-17
397,christopher.davischristopher9815,kathryn,99.6,2018-06-17
398,matthew.rosematthew1936,jones5424,40.71,2018-06-17
399,russell4385,jones5424,45.56,2018-06-17
400,jphillips,bullock9395,20.9,2018-06-18
401,kcombs,larry,79.75,2018-06-18
402,hwilliams,davis6105,65.04,2018-06-18
403,philip.lovephilip333,jackie,71.53,2018-06-18
404,justin.russelljustin419,larry,93.06,2018-06-18
405,jimenez,davis6105,23.21,2018-06-18
406,shannon.lewisshannon5595,larry,35.55,2018-06-18
407,larry,todd,29.51,2018-06-18
408,bjackson,davis6105,84.76,2018-06-18
409,sullivan4196,davis6105,34.06,2018-06-18
410,nancy,bullock9395,60.24,2018-06-18
411,larry,slee,19.7,2018-06-18
412,carr498,lewis,93.76,2018-06-19
413,lewis,berg9118,76.83,2018-06-19
414,lewis,reginald,76.01,2018-06-19
415,kevin.bakerkevin1091,evans,96.4,2018-06-19
416,lewis,stephanie,77.69,2018-06-19
417,lewis,sherri,36.31,2018-06-19
418,lewis,arodriguez,75.36,2018-06-19
419,erin,cohen80,15.01,2018-06-20
420,joseph,savage,30.46,2018-06-20
421,vjohnson,cohen80,46.36,2018-06-20
422,thomas.garrisonthomas3851,joseph,61.62,2018-06-20
423,ahenry,joseph,77.37,2018-06-20
424,washington28,acosta,11.23,2018-06-21
425,johnson,danielle.harrisdanielle3844,47.73,2018-06-21
426,jyoung,bryant,34.2,2018-06-21
427,acortez,egibson,90.9,2018-06-21
428,scott,acosta,36.75,2018-06-21
429,james.hicksjames5359,powell,66.14,2018-06-21
430,wu7369,bryant,96.92,2018-06-21
431,bryant,nicholas.marshallnicholas5925,0.35,2018-06-21
432,powell,rharris,66.04,2018-06-21
433,acortez,mann,29.32,2018-06-21
434,powell,debra,79.85,2018-06-21
435,acosta,franklin,81.91,2018-06-21
436,bryant,emily.nelsonemily8730,45.59,2018-06-21
437,cgaines,tiffany.lopeztiffany6161,39.79,2018-06-21
438,sbishop,bryant,24.0,2018-06-21
439,joseph,acortez,22.18,2018-06-21
440,cheryl,acortez,79.74,2018-06-21
441,rowe5501,acosta,20.61,2018-06-21
442,bryant,kathryn,6.86,2018-06-21
443,jcrawford,cgaines,70.76,2018-06-21
444,miller6168,bryant,25.7,2018-06-21
445,bryant,dhicks,22.39,2018-06-21
446,amanda.holmesamanda8747,ehood,40.37,2018-06-22
447,athompson,amanda.holmesamanda8747,57.84,2018-06-22
448,tran,amanda.holmesamanda8747,88.39,2018-06-22
449,larry.woodwardlarry6213,stephanie,2.22,2018-06-25
450,nathan.myersnathan6380,larry.woodwardlarry6213,59.99,2018-06-25
451,jsmith,cbrown,82.82,2018-06-26
452,cbrown,rjames,64.92,2018-06-26
453,cbrown,lpark,8.97,2018-06-26
454,nathan.hermannathan3031,huber,88.63,2018-06-26
455,cbrown,best3346,24.68,2018-06-26
456,dmitchell,nathan.hermannathan3031,51.3,2018-06-26
457,tiffany.lopeztiffany6161,jeffrey.stewartjeffrey6302,36.85,2018-06-27
458,jeffrey.stewartjeffrey6302,cody.medinacody5708,58.21,2018-06-27
459,cbrown,jeffrey.stewartjeffrey6302,46.32,2018-06-27
460,paul.phillipspaul7651,jeffrey.stewartjeffrey6302,43.67,2018-06-27
461,jeffrey.stewartjeffrey6302,torres,35.03,2018-06-27
462,jeffrey.stewartjeffrey6302,norton,12.72,2018-06-27
463,jeffrey.stewartjeffrey6302,brian,88.28,2018-06-27
464,smith,smitchell,2.5,2018-06-28
465,marcus,lpark,51.54,2018-06-28
466,marcus,pwhite,69.29,2018-06-28
467,barrett2267,marcus,44.7,2018-06-28
468,patel2897,marcus,97.72,2018-06-28
469,mitchell,amanda.holmesamanda8747,29.3,2018-06-28
470,smitchell,alexandria,55.0,2018-06-28
471,marcus,agarcia,16.47,2018-06-28
472,cheryl,smitchell,84.62,2018-06-28
473,marcus,john.ariasjohn6791,77.24,2018-06-28
474,smitchell,pwhite,37.39,2018-06-28
475,abanks,mitchell,87.18,2018-06-28
476,rwise,marcus,23.24,2018-06-28
477,dylan,james.hicksjames5359,8.97,2018-06-29
478,smiller,matthew,32.17,2018-06-29
479,jeffrey.stewartjeffrey6302,dylan,0.78,2018-06-29
480,fox8089,davis,38.99,2018-06-30
481,bailey,marilyn.wardmarilyn2085,50.03,2018-06-30
482,tallison,marilyn.wardmarilyn2085,93.05,2018-06-30
483,marilyn.wardmarilyn2085,willis,21.75,2018-06-30
484,davis,lisa,70.03,2018-06-30
485,rhunt,gregory,57.46,2018-06-30
486,ahenry,rhunt,66.56,2018-06-30
487,lucas6522,alex,27.66,2018-07-02
488,alex,smith8832,62.72,2018-07-02
489,wallace,rodriguez5750,47.92,2018-07-02
490,wallace,samantha,37.66,2018-07-02
491,alex,green,18.34,2018-07-02
492,alex,simon,1.95,2018-07-02
493,edwards,sharris,46.09,2018-07-05
494,shannon,martin,53.55,2018-07-05
495,sharris,michael,50.45,2018-07-05
496,sharris,lambert,1.75,2018-07-05
497,sharris,cheyenne,76.39,2018-07-05
498,gary,christian,84.13,2018-07-06
499,elizabeth.davidelizabeth7476,tiffany.lopeztiffany6161,86.1,2018-07-07
500,barr,elizabeth.davidelizabeth7476,26.24,2018-07-07
501,romero7226,miller7796,73.34,2018-07-07
502,ellis8101,john.perezjohn9893,94.63,2018-07-07
503,john.perezjohn9893,john.bryantjohn8330,21.64,2018-07-07
504,dyer,john.bryantjohn8330,42.31,2018-07-07
505,david.baileydavid1093,elizabeth.davidelizabeth7476,46.39,2018-07-07
506,egibson,elizabeth.davidelizabeth7476,44.57,2018-07-07
507,romero7226,jeffrey.stewartjeffrey6302,63.16,2018-07-07
508,elizabeth.davidelizabeth7476,cheryl,70.64,2018-07-07
509,romero7226,cuevas,83.1,2018-07-07
510,shannon,romero7226,25.1,2018-07-07
511,elizabeth.davidelizabeth7476,miller7796,8.77,2018-07-07
512,jimenez,elizabeth.davidelizabeth7476,31.46,2018-07-07
513,dyer,daniels,52.99,2018-07-07
514,elizabeth.davidelizabeth7476,debra,31.73,2018-07-07
515,mckenzie713,barrett2267,55.72,2018-07-08
516,nathan.hermannathan3031,mckenzie713,91.97,2018-07-08
517,mcfarland,jarmstrong,44.5,2018-07-08
518,dylan,mcfarland,16.96,2018-07-08
519,hughes9955,hodge,46.2,2018-07-08
520,mcfarland,mitchell,70.71,2018-07-08
521,mckenzie713,tiffany.lopeztiffany6161,91.11,2018-07-08
522,dunlap,mckenzie713,10.63,2018-07-08
523,jimenez,mckenzie713,97.38,2018-07-08
524,chavez6323,hodge,53.81,2018-07-08
525,mckenzie713,jcrawford,13.84,2018-07-08
526,hodge,lpark,90.9,2018-07-08
527,jswanson,ellison,41.18,2018-07-09
528,jswanson,harold,50.37,2018-07-09
529,washington28,jswanson,68.91,2018-07-09
530,earl,jswanson,38.46,2018-07-09
531,nathan.hermannathan3031,jswanson,43.07,2018-07-09
532,rivers5438,graves6339,88.35,2018-07-10
533,bspencer,raguirre,74.03,2018-07-10
534,rivers5438,rowland,95.42,2018-07-10
535,sims,fox8089,1.8,2018-07-10
536,sullivan4196,raguirre,54.42,2018-07-10
537,dyer,rivers5438,27.16,2018-07-10
538,rivers5438,johnson,61.96,2018-07-10
539,wendy.burtonwendy4557,rivers5438,3.3,2018-07-10
540,aparker,rivers5438,90.63,2018-07-10
541,sims,mgomez,24.88,2018-07-10
542,ellison,rivers5438,37.92,2018-07-10
543,thomas.garrisonthomas3851,sims,75.89,2018-07-10
544,murphy,aparker,1.55,2018-07-12
545,suzanne.gamblesuzanne3226,christopher.davischristopher9205,44.21,2018-07-12
546,murphy,megan,57.92,2018-07-12
547,ramirez,manning,4.4,2018-07-12
548,bjackson,murphy,62.45,2018-07-12
549,gregory.avilagregory4904,murphy,66.33,2018-07-12
550,michael,suzanne.gamblesuzanne3226,78.85,2018-07-12
551,rjames,ramirez,25.67,2018-07-12
552,bradley,robert,47.27,2018-07-12
553,crystal.ramirezcrystal1766,robert,73.1,2018-07-13
554,lfisher,torres,27.53,2018-07-13
555,lfisher,amber.brownamber8932,13.41,2018-07-13
556,michael,lfisher,66.43,2018-07-13
557,crystal.ramirezcrystal1766,cynthia.cartercynthia7338,31.02,2018-07-13
558,adam.fergusonadam5149,crystal.ramirezcrystal1766,81.74,2018-07-13
559,rowe5501,pedro,49.3,2018-07-14
560,blackwell657,steven.campbellsteven5948,26.82,2018-07-14
561,green,steven.campbellsteven5948,4.97,2018-07-14
562,cgaines,pedro,49.85,2018-07-14
563,pedro,eric,68.51,2018-07-14
564,steven.campbellsteven5948,shannon.lewisshannon5595,51.09,2018-07-14
565,pedro,mullins9448,44.73,2018-07-14
566,pedro,fox8089,75.01,2018-07-14
567,sims,steven.campbellsteven5948,84.76,2018-07-14
568,dbenson,johnson8496,29.37,2018-07-15
569,jennifer.danieljennifer8576,margaret,42.55,2018-07-15
570,margaret,kaitlin,73.88,2018-07-15
571,gmcguire,john.bryantjohn8330,25.43,2018-07-16
572,gmcguire,kelly.owenskelly6763,30.5,2018-07-16
573,gmcguire,leah,38.15,2018-07-16
574,pstewart,baldwin7300,28.92,2018-07-17
575,ward,baldwin7300,88.32,2018-07-17
576,wu7369,baldwin7300,74.85,2018-07-17
577,baldwin7300,andre,4.41,2018-07-17
578,danny,abarnes,41.72,2018-07-19
579,frazier,evans,31.32,2018-07-20
580,frazier,steven.campbellsteven5948,17.04,2018-07-20
581,vwilliams,dhicks,38.02,2018-07-20
582,ramirez,frazier,76.33,2018-07-20
583,huber,frazier,60.98,2018-07-20
584,vwilliams,sara,4.43,2018-07-20
585,james.whitejames5357,frazier,4.85,2018-07-20
586,vwilliams,keith,19.69,2018-07-20
587,brown,huber,39.3,2018-07-21
588,erika,smitchell,55.97,2018-07-21
589,brown,martin,97.17,2018-07-21
590,erika,martin,57.43,2018-07-21
591,kaiser6733,erika,26.44,2018-07-21
592,jessica.shahjessica3124,brown,56.02,2018-07-21
593,hodge,nancy.knappnancy3559,18.12,2018-07-22
594,nancy.knappnancy3559,julie.garciajulie6491,14.12,2018-07-22
595,stevenson9857,mbarber,16.21,2018-07-22
596,torres,bharris,57.56,2018-07-22
597,krista,stevenson9857,15.07,2018-07-22
598,wendy.burtonwendy4557,bharris,47.0,2018-07-22
599,green,bharris,22.03,2018-07-22
600,sbishop,stevenson9857,64.0,2018-07-22
601,alexis.smithalexis707,nathan.hermannathan3031,45.42,2018-07-23
602,best3346,alex.powellalex7302,10.66,2018-07-23
603,alexis.smithalexis707,gonzalez,71.44,2018-07-23
604,alexis.smithalexis707,sherri,57.82,2018-07-23
605,ronald,alexis.smithalexis707,20.55,2018-07-23
606,leah,alexis.smithalexis707,95.09,2018-07-23
607,miller7796,lorraine.millerlorraine7218,53.74,2018-07-23
608,alex.powellalex7302,gutierrez,44.55,2018-07-23
609,alex.powellalex7302,jcrawford,53.53,2018-07-23
610,blackburn,lorraine.millerlorraine7218,41.98,2018-07-23
611,alexis.smithalexis707,tsimpson,85.11,2018-07-23
612,chavez6323,lorraine.millerlorraine7218,84.86,2018-07-23
613,alexis.smithalexis707,cgaines,55.38,2018-07-23
614,young6385,shepherd,24.56,2018-07-24
615,shepherd,young6385,2.49,2018-07-24
616,margaret,shepherd,12.25,2018-07-24
617,denise,shepherd,19.14,2018-07-24
618,jhall,shepherd,84.99,2018-07-24
619,carr498,kristina.gomezkristina6701,24.98,2018-07-25
620,cristina,hodge,47.68,2018-07-25
621,brittney,rodriguez,27.53,2018-07-25
622,lvillanueva,rodriguez,25.39,2018-07-25
623,athompson,rodriguez,43.48,2018-07-25
624,cristina,vanessa.hodgevanessa4504,86.7,2018-07-25
625,sharris,cristina,81.35,2018-07-25
626,kristina.gomezkristina6701,reynolds,17.89,2018-07-25
627,wendy.burtonwendy4557,rodriguez,97.15,2018-07-25
628,rodriguez,jackson,56.94,2018-07-25
629,jasmine,zachary.carsonzachary1147,84.84,2018-07-26
630,nancy,jasmine,18.67,2018-07-26
631,wu1837,jessica,81.12,2018-07-26
632,sullivan4196,adrian,12.87,2018-07-26
633,wu1837,watson5009,60.12,2018-07-26
634,sbishop,wu1837,48.4,2018-07-26
635,jasmine,amanda.holmesamanda8747,55.08,2018-07-26
636,adrian,gary,27.04,2018-07-26
637,wu1837,zachary.carsonzachary1147,72.6,2018-07-26
638,adrian,henry,38.07,2018-07-26
639,christine,adrian,20.67,2018-07-26
640,bullock9395,wu1837,24.51,2018-07-26
641,wu1837,vanessa.hodgevanessa4504,12.05,2018-07-26
642,adrian,dunlap,73.68,2018-07-26
643,mmiller,jasmine,39.62,2018-07-26
644,cohen80,jasmine,65.26,2018-07-26
645,owens1224,wu1837,47.09,2018-07-26
646,cory,torres,94.35,2018-07-28
647,cory,jennifer.perkinsjennifer8273,38.03,2018-07-28
648,cooper,cory,99.36,2018-07-28
649,kcombs,cory,82.69,2018-07-28
650,cory,larry.woodwardlarry6213,44.36,2018-07-28
651,csmith,teresa,7.23,2018-07-29
652,lewis,teresa,91.31,2018-07-29
653,slee,isoto,11.7,2018-07-29
654,teresa,wu7369,29.5,2018-07-29
655,teresa,krista,71.63,2018-07-29
656,isoto,hammond2790,80.94,2018-07-29
657,stephanie,johnson9430,23.13,2018-07-30
658,davis,patricia.gutierrezpatricia6190,80.34,2018-08-01
659,pstewart,kfranklin,58.56,2018-08-01
660,kcarlson,james.hicksjames5359,74.95,2018-08-01
661,kcarlson,csmith,0.42,2018-08-01
662,patricia.gutierrezpatricia6190,emily.nelsonemily8730,33.48,2018-08-01
663,matthews2150,kfranklin,93.47,2018-08-01
664,monica.waltonmonica1882,kristina.gomezkristina6701,71.25,2018-08-01
665,kcarlson,reyes1564,46.2,2018-08-01
666,monica.waltonmonica1882,hanna3706,71.76,2018-08-01
667,kfranklin,amber.brownamber8932,71.95,2018-08-01
668,amber.brownamber8932,kcarlson,65.56,2018-08-01
669,joseph.nelsonjoseph9825,monica.waltonmonica1882,38.08,2018-08-01
670,monica.waltonmonica1882,cohen80,45.68,2018-08-01
671,kcarlson,smitchell,55.91,2018-08-01
672,patricia.gutierrezpatricia6190,diana,72.7,2018-08-01
673,kfranklin,willis,28.65,2018-08-01
674,norton,pjenkins,65.8,2018-08-02
675,pjenkins,pedro,65.32,2018-08-02
676,lwest,pjenkins,40.12,2018-08-02
677,pjenkins,vwilliams,7.06,2018-08-02
678,sandra.foleysandra4618,james.hicksjames5359,11.74,2018-08-02
679,sandra.foleysandra4618,norton,93.31,2018-08-02
680,sandra.foleysandra4618,brittney,56.68,2018-08-02
681,sandra.foleysandra4618,beard7367,36.48,2018-08-02
682,christine,pjenkins,26.85,2018-08-02
683,lee,pjenkins,10.54,2018-08-02
684,marvin,jordan,26.01,2018-08-03
685,timothy,stewart1327,82.54,2018-08-03
686,mike,jennifer.danieljennifer8576,3.86,2018-08-03
687,stewart1327,egibson,10.71,2018-08-03
688,mckenzie713,mike,43.7,2018-08-03
689,smaxwell,rharris,86.4,2018-08-03
690,kathryn,marvin,27.46,2018-08-03
691,mike,gallagher,7.47,2018-08-03
692,stewart1327,marvin,94.29,2018-08-03
693,robbins,mike,19.42,2018-08-03
694,paul.phillipspaul7651,stewart1327,52.7,2018-08-03
695,mike,cheyenne,34.31,2018-08-03
696,mike,marquez,73.25,2018-08-03
697,stewart1327,tallison,1.56,2018-08-03
698,marvin,drodriguez,99.07,2018-08-03
699,marvin,ward,82.02,2018-08-03
700,gregory,maria,84.58,2018-08-04
701,snorris,gregory.avilagregory4904,31.66,2018-08-04
702,walker,mgomez,46.45,2018-08-04
703,perez1929,klynch,59.86,2018-08-04
704,sims,mwilliams,99.22,2018-08-04
705,shaun,carmen,12.13,2018-08-04
706,acosta,maria,39.22,2018-08-04
707,walker,wendy.burtonwendy4557,23.38,2018-08-04
708,sharris,klynch,18.13,2018-08-04
709,snorris,graves6339,67.29,2018-08-04
710,candice,maria,5.23,2018-08-04
711,shannon.lewisshannon5595,snorris,11.5,2018-08-04
712,snorris,joseph,31.87,2018-08-04
713,mwilliams,patel2897,0.44,2018-08-04
714,christopher,walker,38.12,2018-08-04
715,kaiser6733,snorris,50.58,2018-08-04
716,shaun,lwest,20.8,2018-08-04
717,jennifer.perkinsjennifer8273,maria,17.55,2018-08-04
718,stewart1327,mwilliams,89.52,2018-08-04
719,eric,shaun,70.47,2018-08-04
720,klynch,bailey,34.16,2018-08-04
721,snorris,theresa.butlertheresa1201,80.47,2018-08-04
722,miller6168,maria,79.04,2018-08-04
723,walker,ramirez,86.63,2018-08-04
724,snorris,jordan4287,79.25,2018-08-04
725,nancy.knappnancy3559,judith.hodgesjudith2026,77.79,2018-08-05
726,harold,judith.hodgesjudith2026,28.86,2018-08-05
727,danny.smithdanny9664,judith.hodgesjudith2026,31.45,2018-08-05
728,judith.hodgesjudith2026,alexis.smithalexis707,42.62,2018-08-05
729,jensen,elizabeth.davidelizabeth7476,78.39,2018-08-06
730,sdavis,joseph,6.6,2018-08-06
731,danielle.harrisdanielle3844,jones1646,11.66,2018-08-06
732,amber.brownamber8932,david,57.99,2018-08-06
733,arodriguez,david,63.07,2018-08-06
734,jones1646,marilyn.wardmarilyn2085,39.03,2018-08-06
735,sdavis,chavez6323,35.89,2018-08-06
736,nicholas.marshallnicholas5925,david,98.07,2018-08-06
737,paul,david,63.01,2018-08-06
738,owens1224,david,28.07,2018-08-06
739,jones1646,kathryn,9.24,2018-08-06
740,acosta,sdavis,17.3,2018-08-06
741,jonathan.meadowsjonathan7089,frazier,14.74,2018-08-07
742,harold,jonathan.meadowsjonathan7089,82.03,2018-08-07
743,matthew,jonathan.meadowsjonathan7089,99.52,2018-08-07
744,jack,jriddle,15.08,2018-08-07
745,cynthia.cartercynthia7338,tbrown,74.06,2018-08-07
746,tbrown,susan,32.69,2018-08-07
747,jriddle,emily.nelsonemily8730,77.86,2018-08-07
748,caleb.ramirezcaleb7635,jriddle,79.93,2018-08-07
749,cheyenne,jonathan.meadowsjonathan7089,40.13,2018-08-07
750,tbrown,cheryl,67.81,2018-08-07
751,livingston2773,cuevas,38.71,2018-08-07
752,kim,jriddle,41.1,2018-08-07
753,jriddle,robinson2938,37.0,2018-08-07
754,livingston2773,tcarter,12.46,2018-08-07
755,erika,livingston2773,94.82,2018-08-07
756,carmen,smatthews,54.28,2018-08-08
757,christopher,combs,88.25,2018-08-08
758,combs,shepherd,68.65,2018-08-08
759,patel5659,combs,1.17,2018-08-08
760,acortez,smatthews,42.2,2018-08-08
761,smatthews,nancy,88.88,2018-08-08
762,combs,thomas.garrisonthomas3851,90.37,2018-08-08
763,smatthews,tcarter,71.15,2018-08-08
764,smatthews,jriddle,1.7,2018-08-08
765,stephanie,smatthews,41.3,2018-08-08
766,combs,wu1837,93.7,2018-08-08
767,john.ariasjohn6791,whitaker2027,14.7,2018-08-09
768,whitaker2027,nathan.hermannathan3031,39.17,2018-08-09
769,tiffany,whitaker2027,17.71,2018-08-09
770,edwards6432,dmccall,7.01,2018-08-09
771,edwards6432,gmcguire,36.52,2018-08-09
772,robert,edwards6432,84.63,2018-08-09
773,edwards6432,smitchell,94.26,2018-08-09
774,whitaker2027,ramirez,40.88,2018-08-09
775,jyoung,edwards6432,98.95,2018-08-09
776,edwards6432,rharris,12.05,2018-08-09
777,melissa.coopermelissa7095,whitaker2027,13.44,2018-08-09
778,edwards6432,troy.kingtroy8809,23.82,2018-08-09
779,whitaker2027,hodge,59.53,2018-08-09
780,william,barr,85.85,2018-08-10
781,henry.davishenry9477,curry2129,88.99,2018-08-10
782,wolfe203,cgaines,27.69,2018-08-10
783,jimenez,mgonzalez,73.29,2018-08-10
784,mgonzalez,michaela,42.81,2018-08-10
785,wolfe203,judith.hodgesjudith2026,40.83,2018-08-10
786,mgonzalez,lozano,30.49,2018-08-10
787,john.beckerjohn8558,henry.davishenry9477,84.13,2018-08-10
788,wolfe203,adrian,27.67,2018-08-10
789,gordon,henry.davishenry9477,11.19,2018-08-10
790,mosley,wolfe203,17.34,2018-08-10
791,johnson,henry.davishenry9477,16.5,2018-08-10
792,lvillanueva,henry.davishenry9477,38.94,2018-08-10
793,mgonzalez,kcombs,12.57,2018-08-10
794,paul,wolfe203,6.48,2018-08-10
795,gutierrez,mgonzalez,82.76,2018-08-10
796,william,tcarter,61.52,2018-08-10
797,henry.davishenry9477,adam.fergusonadam5149,72.97,2018-08-10
798,debra,henry.davishenry9477,66.72,2018-08-10
799,jackson,henry.davishenry9477,20.17,2018-08-10
800,henry.davishenry9477,joseph,68.14,2018-08-10
801,delgado8791,mgonzalez,37.22,2018-08-10
802,saunders1581,wolfe203,74.6,2018-08-10
803,william,gordon,20.72,2018-08-10
804,mgonzalez,hammond2790,14.69,2018-08-10
805,william,wells4649,4.25,2018-08-10
806,wolfe203,cuevas,65.13,2018-08-10
807,rwillis,hanna3706,31.44,2018-08-12
808,rwillis,cristina,77.99,2018-08-12
809,douglas.mitchelldouglas9832,wolfe203,64.0,2018-08-12
810,douglas.mitchelldouglas9832,aharrison,31.74,2018-08-12
811,laura,sbrown,4.74,2018-08-12
812,laura,sandra.foleysandra4618,91.37,2018-08-12
813,beard7367,douglas.mitchelldouglas9832,48.39,2018-08-12
814,jackson,laura,61.49,2018-08-12
815,douglas.mitchelldouglas9832,christopher.davischristopher9205,17.59,2018-08-12
816,laura,marilyn.wardmarilyn2085,31.67,2018-08-12
817,ellison,laura,83.45,2018-08-12
818,ljohnson,laura,40.98,2018-08-12
819,dlee,sullivan4196,83.92,2018-08-13
820,dlee,matthew.rosematthew1936,47.37,2018-08-13
821,wall,dlee,87.68,2018-08-13
822,isoto,dlee,13.81,2018-08-13
823,dlee,watson5009,10.37,2018-08-13
824,jackson,ecunningham,14.87,2018-08-13
825,gonzalez3350,wilson7767,91.31,2018-08-14
826,danny.smithdanny9664,gonzalez3350,31.32,2018-08-14
827,gonzalez3350,cuevas,38.36,2018-08-14
828,brewer,edwards6432,10.03,2018-08-16
829,amy,mcfarland,27.88,2018-08-16
830,amy,vjohnson,84.78,2018-08-16
831,martin,brewer,60.42,2018-08-16
832,mbarber,brewer,71.26,2018-08-16
833,amy,danielle.harrisdanielle3844,58.14,2018-08-16
834,bullock9395,robinson8425,30.75,2018-08-17
835,robinson8425,jswanson,71.12,2018-08-17
836,wells4649,robinson8425,54.83,2018-08-17
837,robinson8425,rharris,72.9,2018-08-17
838,ellis,matthew,42.15,2018-08-18
839,whitehead5149,ellis,87.23,2018-08-18
840,ellis,washington28,6.56,2018-08-18
841,lwright,ellis,26.98,2018-08-18
842,lewis,ellis,97.79,2018-08-18
843,alexis.smithalexis707,robert.mercerrobert9766,91.0,2018-08-19
844,sbutler,jsmith,60.09,2018-08-19
845,robert.mercerrobert9766,brown,18.86,2018-08-19
846,sbutler,christian,45.36,2018-08-19
847,sbutler,melissa.coopermelissa7095,36.66,2018-08-19
848,brooke.davisbrooke4391,robert.mercerrobert9766,13.24,2018-08-19
849,robert.mercerrobert9766,tina,4.9,2018-08-19
850,carter387,robert.mercerrobert9766,79.48,2018-08-19
851,garcia,wallace,68.78,2018-08-20
852,amy,collins,49.9,2018-08-20
853,garcia,wolfe203,1.56,2018-08-20
854,hwilliams,collins,30.6,2018-08-20
855,lsanchez,joseph,63.91,2018-08-21
856,mosley,lsanchez,2.28,2018-08-21
857,thomas,pstewart,35.35,2018-08-21
858,thomas.petersonthomas9439,kaiser6733,14.82,2018-08-21
859,timothy,thomas,19.69,2018-08-21
860,thomas,christopher,0.1,2018-08-21
861,mays,lsanchez,62.62,2018-08-21
862,lsanchez,james.whitejames5357,87.53,2018-08-21
863,johnson9430,lsanchez,83.22,2018-08-21
864,willis,thomas,48.8,2018-08-21
865,thomas.petersonthomas9439,christopher,59.24,2018-08-21
866,lsanchez,joseph.nelsonjoseph9825,31.32,2018-08-21
867,thomas,jonathan.meadowsjonathan7089,58.28,2018-08-21
868,thomas,patel2897,30.91,2018-08-21
869,cwoodard,kristina.gomezkristina6701,90.63,2018-08-22
870,cwoodard,jennifer.perkinsjennifer8273,2.36,2018-08-22
871,cwoodard,kelly.owenskelly6763,44.31,2018-08-22
872,dhicks,cbowen,92.82,2018-08-23
873,melissa.coopermelissa7095,cbowen,35.24,2018-08-23
874,torres,cbowen,27.59,2018-08-23
875,cbowen,tjohnson,27.35,2018-08-23
876,slambert,cbowen,40.18,2018-08-23
877,ashlee.davisashlee8500,ryan.hunterryan5565,34.69,2018-08-24
878,ryan.hunterryan5565,jeffrey.stewartjeffrey6302,32.16,2018-08-24
879,acosta,ryan.hunterryan5565,35.57,2018-08-24
880,ryan.hunterryan5565,aharrison,29.69,2018-08-24
881,ryan.hunterryan5565,steven.cantrellsteven6676,69.05,2018-08-24
882,cuevas,mark,70.88,2018-08-24
883,justin.russelljustin419,ryan.hunterryan5565,72.93,2018-08-24
884,danny.smithdanny9664,ryan.hunterryan5565,3.86,2018-08-24
885,patterson1615,mark,72.41,2018-08-24
886,smaxwell,ryan.hunterryan5565,93.84,2018-08-24
887,mark,romero6686,57.09,2018-08-24
888,monica.mendozamonica1654,ryan.hunterryan5565,55.59,2018-08-24
889,marvin,mark,37.28,2018-08-24
890,ryan.hunterryan5565,patel5659,3.48,2018-08-24
891,goodman,mark,88.67,2018-08-24
892,mark,mary,82.71,2018-08-24
893,bryant,sli,56.63,2018-08-25
894,lfisher,garcia3090,15.52,2018-08-25
895,mark.evansmark8291,garcia3090,23.2,2018-08-25
896,frederick,tran,69.97,2018-08-25
897,sli,danielle.harrisdanielle3844,16.14,2018-08-25
898,romero,delgado8791,45.88,2018-08-25
899,marquez,garcia3090,32.53,2018-08-25
900,romero,reynolds,8.01,2018-08-25
901,klynch,romero,21.62,2018-08-25
902,wendy.burtonwendy4557,cedwards,50.08,2018-08-25
903,jimenez,cedwards,67.8,2018-08-25
904,isoto,sli,35.49,2018-08-25
905,sli,joseph,77.63,2018-08-25
906,romero,barr,35.72,2018-08-25
907,smiller,cedwards,93.82,2018-08-25
908,garcia3090,bharris,73.08,2018-08-25
909,sli,miller6168,68.27,2018-08-25
910,kari,garcia3090,19.88,2018-08-25
911,amber,frederick,25.97,2018-08-25
912,ryan.hunterryan5565,christina.wallacechristina2706,25.32,2018-08-26
913,lstephens,christina.wallacechristina2706,77.0,2018-08-26
914,paul,kmccoy,55.46,2018-08-27
915,mitchell1818,cwoodard,26.49,2018-08-28
916,mitchell1818,abanks,53.13,2018-08-28
917,henry,mitchell1818,61.0,2018-08-28
918,amy,mitchell1818,19.46,2018-08-28
919,jessica.shahjessica3124,mitchell1818,61.58,2018-08-28
920,wolfe203,mitchell1818,36.23,2018-08-28
921,hwilliams,mitchell1818,72.7,2018-08-28
922,kelsey,timothy.garciatimothy3612,65.3,2018-08-28
923,kelsey,shannon,81.1,2018-08-28
924,juan,marvin,26.6,2018-08-29
925,delacruz,norton,49.89,2018-08-29
926,adrian,delacruz,55.1,2018-08-29
927,rowe5501,juan,8.01,2018-08-29
928,julie.garciajulie6491,johns3243,46.49,2018-08-30
929,mitchell,johns3243,83.74,2018-08-30
930,mays,scott.thomasscott4499,56.78,2018-08-31
931,berg9118,scott.thomasscott4499,62.09,2018-08-31
932,scott.thomasscott4499,drodriguez,57.04,2018-08-31
933,scott.thomasscott4499,aharrison,35.02,2018-08-31
934,cooper,scott.thomasscott4499,15.98,2018-08-31
935,randy,suzanne.gamblesuzanne3226,60.32,2018-09-01
936,tcarter,randy,42.88,2018-09-01
937,randy,dmitchell,80.81,2018-09-01
938,morris,shaw,5.1,2018-09-02
939,stevenson9857,morris,51.64,2018-09-02
940,edwards6432,morris,61.3,2018-09-02
941,scott.thomasscott4499,morris,1.25,2018-09-02
942,julie.garciajulie6491,morris,39.15,2018-09-02
943,cuevas,morris,4.02,2018-09-02
944,morris,bullock9395,20.43,2018-09-02
945,best3346,ashley,1.57,2018-09-04
946,ashley,daniels,35.77,2018-09-04
947,cory,ashley,30.03,2018-09-04
948,reyes,reynolds,68.65,2018-09-04
949,tiffany,ashley,44.44,2018-09-04
950,mbarber,reyes,60.88,2018-09-04
951,carrillo1756,alexis,84.48,2018-09-07
952,beverly.taylorbeverly9627,erika,25.46,2018-09-07
953,fletcher,alexis,43.05,2018-09-07
954,martinez,alexis,97.64,2018-09-07
955,alexis,joshua,14.62,2018-09-07
956,christina.wallacechristina2706,steven.montgomerysteven9277,74.32,2018-09-08
957,steven.montgomerysteven9277,watson5009,72.6,2018-09-08
958,steven.montgomerysteven9277,monica.mendozamonica1654,42.29,2018-09-08
959,steven.montgomerysteven9277,jonathan.meadowsjonathan7089,76.75,2018-09-08
960,lwest,elizabeth,80.53,2018-09-09
961,brandon.sandersbrandon9464,elizabeth,98.53,2018-09-09
962,ronald,connie,84.06,2018-09-09
963,elizabeth,rowe5501,25.32,2018-09-09
964,patrick,connie,83.55,2018-09-09
965,mark.evansmark8291,elizabeth,77.45,2018-09-09
966,blackburn,elizabeth,75.83,2018-09-09
967,connie,kylie.perezkylie6974,84.96,2018-09-09
968,connie,sandra.foleysandra4618,62.26,2018-09-09
969,christine,connie,19.87,2018-09-09
970,lee,elizabeth,95.0,2018-09-09
971,connie,kelsey,10.0,2018-09-09
972,elizabeth,brandon.sandersbrandon9464,36.61,2018-09-09
973,edward.mcmillanedward9390,tiffany,77.22,2018-09-10
974,ward,edward.mcmillanedward9390,63.86,2018-09-10
975,candice,edward.mcmillanedward9390,60.6,2018-09-10
976,edward.mcmillanedward9390,stewart1327,37.8,2018-09-10
977,edward.mcmillanedward9390,rwillis,7.53,2018-09-10
978,john,carla,5.44,2018-09-11
979,carla,pwhite,55.93,2018-09-11
980,carla,lori,1.97,2018-09-11
981,isaac.millerisaac1340,gordon,63.54,2018-09-11
982,carla,christina.wallacechristina2706,21.18,2018-09-11
983,isaac.millerisaac1340,pwhite,94.99,2018-09-11
984,ryan.santosryan1216,carla,7.31,2018-09-11
985,kcombs,isaac.millerisaac1340,94.32,2018-09-11
986,judith.hodgesjudith2026,isaac.millerisaac1340,55.37,2018-09-11
987,bullock9395,nguyen1076,6.92,2018-09-12
988,michaela,nguyen1076,57.89,2018-09-12
989,justin.russelljustin419,kelley,82.94,2018-09-12
990,kelley,whitaker2027,94.36,2018-09-12
991,nguyen1076,jones5424,98.37,2018-09-12
992,aharrison,nguyen1076,83.51,2018-09-12
993,ryan,ryan.santosryan1216,78.83,2018-09-13
994,teresa,ryan,55.34,2018-09-13
995,jcrawford,ryan,37.43,2018-09-13
996,carmen,ryan,64.06,2018-09-13
997,frederick,ryan,75.23,2018-09-13
